id,Category
1,Finance
2,Finance
3,Finance
4,Finance
5,Finance
6,Finance
7,Finance
8,Finance
9,Finance
10,Finance
11,Finance
12,Finance
13,Finance
14,Finance
15,Finance
16,Finance
17,Finance
18,Finance
19,Finance
20,Finance
21,Finance
22,Finance
23,Finance
24,Finance
25,Finance
26,Finance
27,Finance
28,Finance
29,Finance
30,Finance
31,Finance
32,Finance
33,Finance
34,Finance
35,Finance
36,Finance
37,Finance
38,Finance
39,Finance
40,Finance
41,Finance
42,Finance
43,Finance
44,Finance
45,Finance
46,Finance
47,Finance
48,Finance
49,Finance
50,Finance
51,Finance
52,Finance
53,Finance
54,Finance
55,Finance
56,Finance
57,Finance
58,Finance
59,Finance
60,Finance
61,Finance
62,Finance
63,Finance
64,Finance
65,Finance
66,Finance
67,Finance
68,Finance
69,Finance
70,Finance
71,Finance
72,Finance
73,Finance
74,Finance
75,Finance
76,Finance
77,Finance
78,Finance
79,Finance
80,Finance
81,Finance
82,Finance
83,Finance
84,Finance
85,Finance
86,Finance
87,Finance
88,Finance
89,Finance
90,Finance
91,Finance
92,Finance
93,Finance
94,Finance
95,Finance
96,Finance
97,Finance
98,Finance
99,Finance
100,Finance
101,Finance
102,Finance
103,Finance
104,Finance
105,Finance
106,Finance
107,Finance
108,Finance
109,Finance
110,Finance
111,Finance
112,Finance
113,Finance
114,Finance
115,Finance
116,Finance
117,Finance
118,Finance
119,Finance
120,Finance
121,Finance
122,Finance
123,Finance
124,Finance
125,Finance
126,Finance
127,Finance
128,Finance
129,Finance
130,Finance
131,Finance
132,Finance
133,Finance
134,Finance
135,Finance
136,Finance
137,Finance
138,Finance
139,Finance
140,Finance
141,Finance
142,Finance
143,Finance
144,Finance
145,Finance
146,Finance
147,Finance
148,Finance
149,Finance
150,Finance
151,Finance
152,Finance
153,Finance
154,Finance
155,Finance
156,Finance
157,Finance
158,Finance
159,Finance
160,Finance
161,Finance
162,Finance
163,Finance
164,Finance
165,Finance
166,Finance
167,Finance
168,Finance
169,Finance
170,Finance
171,Finance
172,Finance
173,Finance
174,Finance
175,Finance
176,Finance
177,Finance
178,Finance
179,Finance
180,Finance
181,Finance
182,Finance
183,Finance
184,Finance
185,Finance
186,Finance
187,Finance
188,Finance
189,Finance
190,Finance
191,Finance
192,Finance
193,Finance
194,Finance
195,Finance
196,Finance
197,Finance
198,Finance
199,Finance
200,Finance
201,Finance
202,Finance
203,Finance
204,Finance
205,Finance
206,Finance
207,Finance
208,Finance
209,Finance
210,Finance
211,Finance
212,Finance
213,Finance
214,Finance
215,Finance
216,Finance
217,Finance
218,Finance
219,Finance
220,Finance
221,Finance
222,Finance
223,Finance
224,Finance
225,Finance
226,Finance
227,Finance
228,Finance
229,Finance
230,Finance
231,Finance
232,Finance
233,Finance
234,Finance
235,Finance
236,Finance
237,Finance
238,Finance
239,Finance
240,Finance
241,Finance
242,Finance
243,Finance
244,Finance
245,Finance
246,Finance
247,Finance
248,Finance
249,Finance
250,Finance
251,Finance
252,Finance
253,Finance
254,Finance
255,Finance
256,Finance
257,Finance
258,Finance
259,Finance
260,Finance
261,Finance
262,Finance
263,Finance
264,Finance
265,Finance
266,Finance
267,Finance
268,Finance
269,Finance
270,Finance
271,Finance
272,Finance
273,Finance
274,Finance
275,Finance
276,Finance
277,Finance
278,Finance
279,Finance
280,Finance
281,Finance
282,Finance
283,Finance
284,Finance
285,Finance
286,Finance
287,Finance
288,Finance
289,Finance
290,Finance
291,Finance
292,Finance
293,Finance
294,Finance
295,Finance
296,Finance
297,Finance
298,Finance
299,Finance
300,Finance
301,Finance
302,Finance
303,Finance
304,Finance
305,Finance
306,Finance
307,Finance
308,Finance
309,Finance
310,Finance
311,Finance
312,Finance
313,Finance
314,Finance
315,Finance
316,Finance
317,Finance
318,Finance
319,Finance
320,Finance
321,Finance
322,Finance
323,Finance
324,Finance
325,Finance
326,Finance
327,Finance
328,Finance
329,Finance
330,Finance
331,Finance
332,Finance
333,Finance
334,Finance
335,Finance
336,Finance
337,Finance
338,Finance
339,Finance
340,Finance
341,Finance
342,Finance
343,Finance
344,Finance
345,Finance
346,Finance
347,Finance
348,Finance
349,Finance
350,Finance
351,Finance
352,Finance
353,Finance
354,Finance
355,Finance
356,Finance
357,Finance
358,Finance
359,Finance
360,Finance
361,Finance
362,Finance
363,Finance
364,Finance
365,Finance
366,Finance
367,Finance
368,Finance
369,Finance
370,Finance
371,Finance
372,Finance
373,Finance
374,Finance
375,Finance
376,Finance
377,Finance
378,Finance
379,Finance
380,Finance
381,Finance
382,Finance
383,Finance
384,Finance
385,Finance
386,Finance
387,Finance
388,Finance
389,Finance
390,Finance
391,Finance
392,Finance
393,Finance
394,Finance
395,Finance
396,Finance
397,Finance
398,Finance
399,Finance
400,Finance
401,Finance
402,Finance
403,Finance
404,Finance
405,Finance
406,Finance
407,Finance
408,Finance
409,Finance
410,Finance
411,Finance
412,Finance
413,Finance
414,Finance
415,Finance
416,Finance
417,Finance
418,Finance
419,Finance
420,Finance
421,Finance
422,Finance
423,Finance
424,Finance
425,Finance
426,Finance
427,Finance
428,Finance
429,Finance
430,Finance
431,Finance
432,Finance
433,Finance
434,Finance
435,Finance
436,Finance
437,Finance
438,Finance
439,Finance
440,Finance
441,Finance
442,Finance
443,Finance
444,Finance
445,Finance
446,Finance
447,Finance
448,Finance
449,Finance
450,Finance
451,Finance
452,Finance
453,Finance
454,Finance
455,Finance
456,Finance
457,Finance
458,Finance
459,Finance
460,Finance
461,Finance
462,Finance
463,Finance
464,Finance
465,Finance
466,Finance
467,Finance
468,Finance
469,Finance
470,Finance
471,Finance
472,Finance
473,Finance
474,Finance
475,Finance
476,Finance
477,Finance
478,Finance
479,Finance
480,Finance
481,Finance
482,Finance
483,Finance
484,Finance
485,Finance
486,Finance
487,Finance
488,Finance
489,Finance
490,Finance
491,Finance
492,Finance
493,Finance
494,Finance
495,Finance
496,Finance
497,Finance
498,Finance
499,Finance
500,Finance
501,Finance
502,Finance
503,Finance
504,Finance
505,Finance
506,Finance
507,Finance
508,Finance
509,Finance
510,Finance
511,Finance
512,Finance
513,Finance
514,Finance
515,Finance
516,Finance
517,Finance
518,Finance
519,Finance
520,Finance
521,Finance
522,Finance
523,Finance
524,Finance
525,Finance
526,Finance
527,Finance
528,Finance
529,Finance
530,Finance
531,Finance
532,Finance
533,Finance
534,Finance
535,Finance
536,Finance
537,Finance
538,Finance
539,Finance
540,Finance
541,Finance
542,Finance
543,Finance
544,Finance
545,Finance
546,Finance
547,Finance
548,Finance
549,Finance
550,Finance
551,Finance
552,Finance
553,Finance
554,Finance
555,Finance
556,Finance
557,Finance
558,Finance
559,Finance
560,Finance
561,Finance
562,Finance
563,Finance
564,Finance
565,Finance
566,Finance
567,Finance
568,Finance
569,Finance
570,Finance
571,Finance
572,Finance
573,Finance
574,Finance
575,Finance
576,Finance
577,Finance
578,Finance
579,Finance
580,Finance
581,Finance
582,Finance
583,Finance
584,Finance
585,Finance
586,Finance
587,Finance
588,Finance
589,Finance
590,Finance
591,Finance
592,Finance
593,Finance
594,Finance
595,Finance
596,Finance
597,Finance
598,Finance
599,Finance
600,Finance
601,Finance
602,Finance
603,Finance
604,Finance
605,Finance
606,Finance
607,Finance
608,Finance
609,Finance
610,Finance
611,Finance
612,Finance
613,Finance
614,Finance
615,Finance
616,Finance
617,Finance
618,Finance
619,Finance
620,Finance
621,Finance
622,Finance
623,Finance
624,Finance
625,Finance
626,Finance
627,Finance
628,Finance
629,Finance
630,Finance
631,Finance
632,Finance
633,Finance
634,Finance
635,Finance
636,Finance
637,Finance
638,Finance
639,Finance
640,Finance
641,Finance
642,Finance
643,Finance
644,Finance
645,Finance
646,Finance
647,Finance
648,Finance
649,Finance
650,Finance
651,Finance
652,Finance
653,Finance
654,Finance
655,Finance
656,Finance
657,Finance
658,Finance
659,Finance
660,Finance
661,Finance
662,Finance
663,Finance
664,Finance
665,Finance
666,Finance
667,Finance
668,Finance
669,Finance
670,Finance
671,Finance
672,Finance
673,Finance
674,Finance
675,Finance
676,Finance
677,Finance
678,Finance
679,Finance
680,Finance
681,Finance
682,Finance
683,Finance
684,Finance
685,Finance
686,Finance
687,Finance
688,Finance
689,Finance
690,Finance
691,Finance
692,Finance
693,Finance
694,Finance
695,Finance
696,Finance
697,Finance
698,Finance
699,Finance
700,Finance
701,Finance
702,Finance
703,Finance
704,Finance
705,Finance
706,Finance
707,Finance
708,Finance
709,Finance
710,Finance
711,Finance
712,Finance
713,Finance
714,Finance
715,Finance
716,Finance
717,Finance
718,Finance
719,Finance
720,Finance
721,Finance
722,Finance
723,Finance
724,Finance
725,Finance
726,Finance
727,Finance
728,Finance
729,Finance
730,Finance
731,Finance
732,Finance
733,Finance
734,Finance
735,Finance
736,Finance
737,Finance
738,Finance
739,Finance
740,Finance
741,Finance
742,Finance
743,Finance
744,Finance
745,Finance
746,Finance
747,Finance
748,Finance
749,Finance
750,Finance
751,Finance
752,Finance
753,Finance
754,Finance
755,Finance
756,Finance
757,Finance
758,Finance
759,Finance
760,Finance
761,Finance
762,Finance
763,Finance
764,Finance
765,Finance
766,Finance
767,Finance
768,Finance
769,Finance
770,Finance
771,Finance
772,Finance
773,Finance
774,Finance
775,Finance
776,Finance
777,Finance
778,Finance
779,Finance
780,Finance
781,Finance
782,Finance
783,Finance
784,Finance
785,Finance
786,Finance
787,Finance
788,Finance
789,Finance
790,Finance
791,Finance
792,Finance
793,Finance
794,Finance
795,Finance
796,Finance
797,Finance
798,Finance
799,Finance
800,Finance
801,Finance
802,Finance
803,Finance
804,Finance
805,Finance
806,Finance
807,Finance
808,Finance
809,Finance
810,Finance
811,Finance
812,Finance
813,Finance
814,Finance
815,Finance
816,Finance
817,Finance
818,Finance
819,Finance
820,Finance
821,Finance
822,Finance
823,Finance
824,Finance
825,Finance
826,Finance
827,Finance
828,Finance
829,Finance
830,Finance
831,Finance
832,Finance
833,Finance
834,Finance
835,Finance
836,Finance
837,Finance
838,Finance
839,Finance
840,Finance
841,Finance
842,Finance
843,Finance
844,Finance
845,Finance
846,Finance
847,Finance
848,Finance
849,Finance
850,Finance
851,Finance
852,Finance
853,Finance
854,Finance
855,Finance
856,Finance
857,Finance
858,Finance
859,Finance
860,Finance
861,Finance
862,Finance
863,Finance
864,Finance
865,Finance
866,Finance
867,Finance
868,Finance
869,Finance
870,Finance
871,Finance
872,Finance
873,Finance
874,Finance
875,Finance
876,Finance
877,Finance
878,Finance
879,Finance
880,Finance
881,Finance
882,Finance
883,Finance
884,Finance
885,Finance
886,Finance
887,Finance
888,Finance
889,Finance
890,Finance
891,Finance
892,Finance
893,Finance
894,Finance
895,Finance
896,Finance
897,Finance
898,Finance
899,Finance
900,Finance
901,Finance
902,Finance
903,Finance
904,Finance
905,Finance
906,Finance
907,Finance
908,Finance
909,Finance
910,Finance
911,Finance
912,Finance
913,Finance
914,Finance
915,Finance
916,Finance
917,Finance
918,Finance
919,Finance
920,Finance
921,Finance
922,Finance
923,Finance
924,Finance
925,Finance
926,Finance
927,Finance
928,Finance
929,Finance
930,Finance
931,Finance
932,Finance
933,Finance
934,Finance
935,Finance
936,Finance
937,Finance
938,Finance
939,Finance
940,Finance
941,Finance
942,Finance
943,Finance
944,Finance
945,Finance
946,Finance
947,Finance
948,Finance
949,Finance
950,Finance
951,Finance
952,Finance
953,Finance
954,Finance
955,Finance
956,Finance
957,Finance
958,Finance
959,Finance
960,Finance
961,Finance
962,Finance
963,Finance
964,Finance
965,Finance
966,Finance
967,Finance
968,Finance
969,Finance
970,Finance
971,Finance
972,Finance
973,Finance
974,Finance
975,Finance
976,Finance
977,Finance
978,Finance
979,Finance
980,Finance
981,Finance
982,Finance
983,Finance
984,Finance
985,Finance
986,Finance
987,Finance
988,Finance
989,Finance
990,Finance
991,Finance
992,Finance
993,Finance
994,Finance
995,Finance
996,Finance
997,Finance
998,Finance
999,Finance
1000,Finance
1001,Finance
1002,Finance
1003,Finance
1004,Finance
1005,Finance
1006,Finance
1007,Finance
1008,Finance
1009,Finance
1010,Finance
1011,Finance
1012,Finance
1013,Finance
1014,Finance
1015,Finance
1016,Finance
1017,Finance
1018,Finance
1019,Finance
1020,Finance
1021,Finance
1022,Finance
1023,Finance
1024,Finance
1025,Finance
1026,Finance
1027,Finance
1028,Finance
1029,Finance
1030,Finance
1031,Finance
1032,Finance
1033,Finance
1034,Finance
1035,Finance
1036,Finance
1037,Finance
1038,Finance
1039,Finance
1040,Finance
1041,Finance
1042,Finance
1043,Finance
1044,Finance
1045,Finance
1046,Finance
1047,Finance
1048,Finance
1049,Finance
1050,Finance
1051,Finance
1052,Finance
1053,Finance
1054,Finance
1055,Finance
1056,Finance
1057,Finance
1058,Finance
1059,Finance
1060,Finance
1061,Finance
1062,Finance
1063,Finance
1064,Finance
1065,Finance
1066,Finance
1067,Finance
1068,Finance
1069,Finance
1070,Finance
1071,Finance
1072,Finance
1073,Finance
1074,Finance
1075,Finance
1076,Finance
1077,Finance
1078,Finance
1079,Finance
1080,Finance
1081,Finance
1082,Finance
1083,Finance
1084,Finance
1085,Finance
1086,Finance
1087,Finance
1088,Finance
1089,Finance
1090,Finance
1091,Finance
1092,Finance
1093,Finance
1094,Finance
1095,Finance
1096,Finance
1097,Finance
1098,Finance
1099,Finance
1100,Finance
1101,Finance
1102,Finance
1103,Finance
1104,Finance
1105,Finance
1106,Finance
1107,Finance
1108,Finance
1109,Finance
1110,Finance
1111,Finance
1112,Finance
1113,Finance
1114,Finance
1115,Finance
1116,Finance
1117,Finance
1118,Finance
1119,Finance
1120,Finance
1121,Finance
1122,Finance
1123,Finance
1124,Finance
1125,Finance
1126,Finance
1127,Finance
1128,Finance
1129,Finance
1130,Finance
1131,Finance
1132,Finance
1133,Finance
1134,Finance
1135,Finance
1136,Finance
1137,Finance
1138,Finance
1139,Finance
1140,Finance
1141,Finance
1142,Finance
1143,Finance
1144,Finance
1145,Finance
1146,Finance
1147,Finance
1148,Finance
1149,Finance
1150,Finance
1151,Finance
1152,Finance
1153,Finance
1154,Finance
1155,Finance
1156,Finance
1157,Finance
1158,Finance
1159,Finance
1160,Finance
1161,Finance
1162,Finance
1163,Finance
1164,Finance
1165,Finance
1166,Finance
1167,Finance
1168,Finance
1169,Finance
1170,Finance
1171,Finance
1172,Finance
1173,Finance
1174,Finance
1175,Finance
1176,Finance
1177,Finance
1178,Finance
1179,Finance
1180,Finance
1181,Finance
1182,Finance
1183,Finance
1184,Finance
1185,Finance
1186,Finance
1187,Finance
1188,Finance
1189,Finance
1190,Finance
1191,Finance
1192,Finance
1193,Finance
1194,Finance
1195,Finance
1196,Finance
1197,Finance
1198,Finance
1199,Finance
1200,Finance
1201,Finance
1202,Finance
1203,Finance
1204,Finance
1205,Finance
1206,Finance
1207,Finance
1208,Finance
1209,Finance
1210,Finance
1211,Finance
1212,Finance
1213,Finance
1214,Finance
1215,Finance
1216,Finance
1217,Finance
1218,Finance
1219,Finance
1220,Finance
1221,Finance
1222,Finance
1223,Finance
1224,Finance
1225,Finance
1226,Finance
1227,Finance
1228,Finance
1229,Finance
1230,Finance
1231,Finance
1232,Finance
1233,Finance
1234,Finance
1235,Finance
1236,Finance
1237,Finance
1238,Finance
1239,Finance
1240,Finance
1241,Finance
1242,Finance
1243,Finance
1244,Finance
1245,Finance
1246,Finance
1247,Finance
1248,Finance
1249,Finance
1250,Finance
1251,Finance
1252,Finance
1253,Finance
1254,Finance
1255,Finance
1256,Finance
1257,Finance
1258,Finance
1259,Finance
1260,Finance
1261,Finance
1262,Finance
1263,Finance
1264,Finance
1265,Finance
1266,Finance
1267,Finance
1268,Finance
1269,Finance
1270,Finance
1271,Finance
1272,Finance
1273,Finance
1274,Finance
1275,Finance
1276,Finance
1277,Finance
1278,Finance
1279,Finance
1280,Finance
1281,Finance
1282,Finance
1283,Finance
1284,Finance
1285,Finance
1286,Finance
1287,Finance
1288,Finance
1289,Finance
1290,Finance
1291,Finance
1292,Finance
1293,Finance
1294,Finance
1295,Finance
1296,Finance
1297,Finance
1298,Finance
1299,Finance
1300,Finance
1301,Finance
1302,Finance
1303,Finance
1304,Finance
1305,Finance
1306,Finance
1307,Finance
1308,Finance
1309,Finance
1310,Finance
1311,Finance
1312,Finance
1313,Finance
1314,Finance
1315,Finance
1316,Finance
1317,Finance
1318,Finance
1319,Finance
1320,Finance
1321,Finance
1322,Finance
1323,Finance
1324,Finance
1325,Finance
1326,Finance
1327,Finance
1328,Finance
1329,Finance
1330,Finance
1331,Finance
1332,Finance
1333,Finance
1334,Finance
1335,Finance
1336,Finance
1337,Finance
1338,Finance
1339,Finance
1340,Finance
1341,Finance
1342,Finance
1343,Finance
1344,Finance
1345,Finance
1346,Finance
1347,Finance
1348,Finance
1349,Finance
1350,Finance
1351,Finance
1352,Finance
1353,Finance
1354,Finance
1355,Finance
1356,Finance
1357,Finance
1358,Finance
1359,Finance
1360,Finance
1361,Finance
1362,Finance
1363,Finance
1364,Finance
1365,Finance
1366,Finance
1367,Finance
1368,Finance
1369,Finance
1370,Finance
1371,Finance
1372,Finance
1373,Finance
1374,Finance
1375,Finance
1376,Finance
1377,Finance
1378,Finance
1379,Finance
1380,Finance
1381,Finance
1382,Finance
1383,Finance
1384,Finance
1385,Finance
1386,Finance
1387,Finance
1388,Finance
1389,Finance
1390,Finance
1391,Finance
1392,Finance
1393,Finance
1394,Finance
1395,Finance
1396,Finance
1397,Finance
1398,Finance
1399,Finance
1400,Finance
1401,Finance
1402,Finance
1403,Finance
1404,Finance
1405,Finance
1406,Finance
1407,Finance
1408,Finance
1409,Finance
1410,Finance
1411,Finance
1412,Finance
1413,Finance
1414,Finance
1415,Finance
1416,Finance
1417,Finance
1418,Finance
1419,Finance
1420,Finance
1421,Finance
1422,Finance
1423,Finance
1424,Finance
1425,Finance
1426,Finance
1427,Finance
1428,Finance
1429,Finance
1430,Finance
1431,Finance
1432,Finance
1433,Finance
1434,Finance
1435,Finance
1436,Finance
1437,Finance
1438,Finance
1439,Finance
1440,Finance
1441,Finance
1442,Finance
1443,Finance
1444,Finance
1445,Finance
1446,Finance
1447,Finance
1448,Finance
1449,Finance
1450,Finance
1451,Finance
1452,Finance
1453,Finance
1454,Finance
1455,Finance
1456,Finance
1457,Finance
1458,Finance
1459,Finance
1460,Finance
1461,Finance
1462,Finance
1463,Finance
1464,Finance
1465,Finance
1466,Finance
1467,Finance
1468,Finance
1469,Finance
1470,Finance
1471,Finance
1472,Finance
1473,Finance
1474,Finance
1475,Finance
1476,Finance
1477,Finance
1478,Finance
1479,Finance
1480,Finance
1481,Finance
1482,Finance
1483,Finance
1484,Finance
1485,Finance
1486,Finance
1487,Finance
1488,Finance
1489,Finance
1490,Finance
1491,Finance
1492,Finance
1493,Finance
1494,Finance
1495,Finance
1496,Finance
1497,Finance
1498,Finance
1499,Finance
1500,Finance
1501,Finance
1502,Finance
1503,Finance
1504,Finance
1505,Finance
1506,Finance
1507,Finance
1508,Finance
1509,Finance
1510,Finance
1511,Finance
1512,Finance
1513,Finance
1514,Finance
1515,Finance
1516,Finance
1517,Finance
1518,Finance
1519,Finance
1520,Finance
1521,Finance
1522,Finance
1523,Finance
1524,Finance
1525,Finance
1526,Finance
1527,Finance
1528,Finance
1529,Finance
1530,Finance
1531,Finance
1532,Finance
1533,Finance
1534,Finance
1535,Finance
1536,Finance
1537,Finance
1538,Finance
1539,Finance
1540,Finance
1541,Finance
1542,Finance
1543,Finance
1544,Finance
1545,Finance
1546,Finance
1547,Finance
1548,Finance
1549,Finance
1550,Finance
1551,Finance
1552,Finance
1553,Finance
1554,Finance
1555,Finance
1556,Finance
1557,Finance
1558,Finance
1559,Finance
1560,Finance
1561,Finance
1562,Finance
1563,Finance
1564,Finance
1565,Finance
1566,Finance
1567,Finance
1568,Finance
1569,Finance
1570,Finance
1571,Finance
1572,Finance
1573,Finance
1574,Finance
1575,Finance
1576,Finance
1577,Finance
1578,Finance
1579,Finance
1580,Finance
1581,Finance
1582,Finance
1583,Finance
1584,Finance
1585,Finance
1586,Finance
1587,Finance
1588,Finance
1589,Finance
1590,Finance
1591,Finance
1592,Finance
1593,Finance
1594,Finance
1595,Finance
1596,Finance
1597,Finance
1598,Finance
1599,Finance
1600,Finance
1601,Finance
1602,Finance
1603,Finance
1604,Finance
1605,Finance
1606,Finance
1607,Finance
1608,Finance
1609,Finance
1610,Finance
1611,Finance
1612,Finance
1613,Finance
1614,Finance
1615,Finance
1616,Finance
1617,Finance
1618,Finance
1619,Finance
1620,Finance
1621,Finance
1622,Finance
1623,Finance
1624,Finance
1625,Finance
1626,Finance
1627,Finance
1628,Finance
1629,Finance
1630,Finance
1631,Finance
1632,Finance
1633,Finance
1634,Finance
1635,Finance
1636,Finance
1637,Finance
1638,Finance
1639,Finance
1640,Finance
1641,Finance
1642,Finance
1643,Finance
1644,Finance
1645,Finance
1646,Finance
1647,Finance
1648,Finance
1649,Finance
1650,Finance
1651,Finance
1652,Finance
1653,Finance
1654,Finance
1655,Finance
1656,Finance
1657,Finance
1658,Finance
1659,Finance
1660,Finance
1661,Finance
1662,Finance
1663,Finance
1664,Finance
1665,Finance
1666,Finance
1667,Finance
1668,Finance
1669,Finance
1670,Finance
1671,Finance
1672,Finance
1673,Finance
1674,Finance
1675,Finance
1676,Finance
1677,Finance
1678,Finance
1679,Finance
1680,Finance
1681,Finance
1682,Finance
1683,Finance
1684,Finance
1685,Finance
1686,Finance
1687,Finance
1688,Finance
1689,Finance
1690,Finance
1691,Finance
1692,Finance
1693,Finance
1694,Finance
1695,Finance
1696,Finance
1697,Finance
1698,Finance
1699,Finance
1700,Finance
1701,Finance
1702,Finance
1703,Finance
1704,Finance
1705,Finance
1706,Finance
1707,Finance
1708,Finance
1709,Finance
1710,Finance
1711,Finance
1712,Finance
1713,Finance
1714,Finance
1715,Finance
1716,Finance
1717,Finance
1718,Finance
1719,Finance
1720,Finance
1721,Finance
1722,Finance
1723,Finance
1724,Finance
1725,Finance
1726,Finance
1727,Finance
1728,Finance
1729,Finance
1730,Finance
1731,Finance
1732,Finance
1733,Finance
1734,Finance
1735,Finance
1736,Finance
1737,Finance
1738,Finance
1739,Finance
1740,Finance
1741,Finance
1742,Finance
1743,Finance
1744,Finance
1745,Finance
1746,Finance
1747,Finance
1748,Finance
1749,Finance
1750,Finance
1751,Finance
1752,Finance
1753,Finance
1754,Finance
1755,Finance
1756,Finance
1757,Finance
1758,Finance
1759,Finance
1760,Finance
1761,Finance
1762,Finance
1763,Finance
1764,Finance
1765,Finance
1766,Finance
1767,Finance
1768,Finance
1769,Finance
1770,Finance
1771,Finance
1772,Finance
1773,Finance
1774,Finance
1775,Finance
1776,Finance
1777,Finance
1778,Finance
1779,Finance
1780,Finance
1781,Finance
1782,Finance
1783,Finance
1784,Finance
1785,Finance
1786,Finance
1787,Finance
1788,Finance
1789,Finance
1790,Finance
1791,Finance
1792,Finance
1793,Finance
1794,Finance
1795,Finance
1796,Finance
1797,Finance
1798,Finance
1799,Finance
1800,Finance
1801,Finance
1802,Finance
1803,Finance
1804,Finance
1805,Finance
1806,Finance
1807,Finance
1808,Finance
1809,Finance
1810,Finance
1811,Finance
1812,Finance
1813,Finance
1814,Finance
1815,Finance
1816,Finance
1817,Finance
1818,Finance
1819,Finance
1820,Finance
1821,Finance
1822,Finance
1823,Finance
1824,Finance
1825,Finance
1826,Finance
1827,Finance
1828,Finance
1829,Finance
1830,Finance
1831,Finance
1832,Finance
1833,Finance
1834,Finance
1835,Finance
1836,Finance
1837,Finance
1838,Finance
1839,Finance
1840,Finance
1841,Finance
1842,Finance
1843,Finance
1844,Finance
1845,Finance
1846,Finance
1847,Finance
1848,Finance
1849,Finance
1850,Finance
1851,Finance
1852,Finance
1853,Finance
1854,Finance
1855,Finance
1856,Finance
1857,Finance
1858,Finance
1859,Finance
1860,Finance
1861,Finance
1862,Finance
1863,Finance
1864,Finance
1865,Finance
1866,Finance
1867,Finance
1868,Finance
1869,Finance
1870,Finance
1871,Finance
1872,Finance
1873,Finance
1874,Finance
1875,Finance
1876,Finance
1877,Finance
1878,Finance
1879,Finance
1880,Finance
1881,Finance
1882,Finance
1883,Finance
1884,Finance
1885,Finance
1886,Finance
1887,Finance
1888,Finance
1889,Finance
1890,Finance
1891,Finance
1892,Finance
1893,Finance
1894,Finance
1895,Finance
1896,Finance
1897,Finance
1898,Finance
1899,Finance
1900,Finance
1901,Finance
1902,Finance
1903,Finance
1904,Finance
1905,Finance
1906,Finance
1907,Finance
1908,Finance
1909,Finance
1910,Finance
1911,Finance
1912,Finance
1913,Finance
1914,Finance
1915,Finance
1916,Finance
1917,Finance
1918,Finance
1919,Finance
1920,Finance
1921,Finance
1922,Finance
1923,Finance
1924,Finance
1925,Finance
1926,Finance
1927,Finance
1928,Finance
1929,Finance
1930,Finance
1931,Finance
1932,Finance
1933,Finance
1934,Finance
1935,Finance
1936,Finance
1937,Finance
1938,Finance
1939,Finance
1940,Finance
1941,Finance
1942,Finance
1943,Finance
1944,Finance
1945,Finance
1946,Finance
1947,Finance
1948,Finance
1949,Finance
1950,Finance
1951,Finance
1952,Finance
1953,Finance
1954,Finance
1955,Finance
1956,Finance
1957,Finance
1958,Finance
1959,Finance
1960,Finance
1961,Finance
1962,Finance
1963,Finance
1964,Finance
1965,Finance
1966,Finance
1967,Finance
1968,Finance
1969,Finance
1970,Finance
1971,Finance
1972,Finance
1973,Finance
1974,Finance
1975,Finance
1976,Finance
1977,Finance
1978,Finance
1979,Finance
1980,Finance
1981,Finance
1982,Finance
1983,Finance
1984,Finance
1985,Finance
1986,Finance
1987,Finance
1988,Finance
1989,Finance
1990,Finance
1991,Finance
1992,Finance
1993,Finance
1994,Finance
1995,Finance
1996,Finance
1997,Finance
1998,Finance
1999,Finance
2000,Finance
2001,Finance
2002,Finance
2003,Finance
2004,Finance
2005,Finance
2006,Finance
2007,Finance
2008,Finance
2009,Finance
2010,Finance
2011,Finance
2012,Finance
2013,Finance
2014,Finance
2015,Finance
2016,Finance
2017,Finance
2018,Finance
2019,Finance
2020,Finance
2021,Finance
2022,Finance
2023,Finance
2024,Finance
2025,Finance
2026,Finance
2027,Finance
2028,Finance
2029,Finance
2030,Finance
2031,Finance
2032,Finance
2033,Finance
2034,Finance
2035,Finance
2036,Finance
2037,Finance
2038,Finance
2039,Finance
2040,Finance
2041,Finance
2042,Finance
2043,Finance
2044,Finance
2045,Finance
2046,Finance
2047,Finance
2048,Finance
2049,Finance
2050,Finance
2051,Finance
2052,Finance
2053,Finance
2054,Finance
2055,Finance
2056,Finance
2057,Finance
2058,Finance
2059,Finance
2060,Finance
2061,Finance
2062,Finance
2063,Finance
2064,Finance
2065,Finance
2066,Finance
2067,Finance
2068,Finance
2069,Finance
2070,Finance
2071,Finance
2072,Finance
2073,Finance
2074,Finance
2075,Finance
2076,Finance
2077,Finance
2078,Finance
2079,Finance
2080,Finance
2081,Finance
2082,Finance
2083,Finance
2084,Finance
2085,Finance
2086,Finance
2087,Finance
2088,Finance
2089,Finance
2090,Finance
2091,Finance
2092,Finance
2093,Finance
2094,Finance
2095,Finance
2096,Finance
2097,Finance
2098,Finance
2099,Finance
2100,Finance
2101,Finance
2102,Finance
2103,Finance
2104,Finance
2105,Finance
2106,Finance
2107,Finance
2108,Finance
2109,Finance
2110,Finance
2111,Finance
2112,Finance
2113,Finance
2114,Finance
2115,Finance
2116,Finance
2117,Finance
2118,Finance
2119,Finance
2120,Finance
2121,Finance
2122,Finance
2123,Finance
2124,Finance
2125,Finance
2126,Finance
2127,Finance
2128,Finance
2129,Finance
2130,Finance
2131,Finance
2132,Finance
2133,Finance
2134,Finance
2135,Finance
2136,Finance
2137,Finance
2138,Finance
2139,Finance
2140,Finance
2141,Finance
2142,Finance
2143,Finance
2144,Finance
2145,Finance
2146,Finance
2147,Finance
2148,Finance
2149,Finance
2150,Finance
2151,Finance
2152,Finance
2153,Finance
2154,Finance
2155,Finance
2156,Finance
2157,Finance
2158,Finance
2159,Finance
2160,Finance
2161,Finance
2162,Finance
2163,Finance
2164,Finance
2165,Finance
2166,Finance
2167,Finance
2168,Finance
2169,Finance
2170,Finance
2171,Finance
2172,Finance
2173,Finance
2174,Finance
2175,Finance
2176,Finance
2177,Finance
2178,Finance
2179,Finance
2180,Finance
2181,Finance
2182,Finance
2183,Finance
2184,Finance
2185,Finance
2186,Finance
2187,Finance
2188,Finance
2189,Finance
2190,Finance
2191,Finance
2192,Finance
2193,Finance
2194,Finance
2195,Finance
2196,Finance
2197,Finance
2198,Finance
2199,Finance
2200,Finance
2201,Finance
2202,Finance
2203,Finance
2204,Finance
2205,Finance
2206,Finance
2207,Finance
2208,Finance
2209,Finance
2210,Finance
2211,Finance
2212,Finance
2213,Finance
2214,Finance
2215,Finance
2216,Finance
2217,Finance
2218,Finance
2219,Finance
2220,Finance
2221,Finance
2222,Finance
2223,Finance
2224,Finance
2225,Finance
2226,Finance
2227,Finance
2228,Finance
2229,Finance
2230,Finance
2231,Finance
2232,Finance
2233,Finance
2234,Finance
2235,Finance
2236,Finance
2237,Finance
2238,Finance
2239,Finance
2240,Finance
2241,Finance
2242,Finance
2243,Finance
2244,Finance
2245,Finance
2246,Finance
2247,Finance
2248,Finance
2249,Finance
2250,Finance
2251,Finance
2252,Finance
2253,Finance
2254,Finance
2255,Finance
2256,Finance
2257,Finance
2258,Finance
2259,Finance
2260,Finance
2261,Finance
2262,Finance
2263,Finance
2264,Finance
2265,Finance
2266,Finance
2267,Finance
2268,Finance
2269,Finance
2270,Finance
2271,Finance
2272,Finance
2273,Finance
2274,Finance
2275,Finance
2276,Finance
2277,Finance
2278,Finance
2279,Finance
2280,Finance
2281,Finance
2282,Finance
2283,Finance
2284,Finance
2285,Finance
2286,Finance
2287,Finance
2288,Finance
2289,Finance
2290,Finance
2291,Finance
2292,Finance
2293,Finance
2294,Finance
2295,Finance
2296,Finance
2297,Finance
2298,Finance
2299,Finance
2300,Finance
2301,Finance
2302,Finance
2303,Finance
2304,Finance
2305,Finance
2306,Finance
2307,Finance
2308,Finance
2309,Finance
2310,Finance
2311,Finance
2312,Finance
2313,Finance
2314,Finance
2315,Finance
2316,Finance
2317,Finance
2318,Finance
2319,Finance
2320,Finance
2321,Finance
2322,Finance
2323,Finance
2324,Finance
2325,Finance
2326,Finance
2327,Finance
2328,Finance
2329,Finance
2330,Finance
2331,Finance
2332,Finance
2333,Finance
2334,Finance
2335,Finance
2336,Finance
2337,Finance
2338,Finance
2339,Finance
2340,Finance
2341,Finance
2342,Finance
2343,Finance
2344,Finance
2345,Finance
2346,Finance
2347,Finance
2348,Finance
2349,Finance
2350,Finance
2351,Finance
2352,Finance
2353,Finance
2354,Finance
2355,Finance
2356,Finance
2357,Finance
2358,Finance
2359,Finance
2360,Finance
2361,Finance
2362,Finance
2363,Finance
2364,Finance
2365,Finance
2366,Finance
2367,Finance
2368,Finance
2369,Finance
2370,Finance
2371,Finance
2372,Finance
2373,Finance
2374,Finance
2375,Finance
2376,Finance
2377,Finance
2378,Finance
2379,Finance
2380,Finance
2381,Finance
2382,Finance
2383,Finance
2384,Finance
2385,Finance
2386,Finance
2387,Finance
2388,Finance
2389,Finance
2390,Finance
2391,Finance
2392,Finance
2393,Finance
2394,Finance
2395,Finance
2396,Finance
2397,Finance
2398,Finance
2399,Finance
2400,Finance
2401,Finance
2402,Finance
2403,Finance
2404,Finance
2405,Finance
2406,Finance
2407,Finance
2408,Finance
2409,Finance
2410,Finance
2411,Finance
2412,Finance
2413,Finance
2414,Finance
2415,Finance
2416,Finance
2417,Finance
2418,Finance
2419,Finance
2420,Finance
2421,Finance
2422,Finance
2423,Finance
2424,Finance
2425,Finance
2426,Finance
2427,Finance
2428,Finance
2429,Finance
2430,Finance
2431,Finance
2432,Finance
2433,Finance
2434,Finance
2435,Finance
2436,Finance
2437,Finance
2438,Finance
2439,Finance
2440,Finance
2441,Finance
2442,Finance
2443,Finance
2444,Finance
2445,Finance
2446,Finance
2447,Finance
2448,Finance
2449,Finance
2450,Finance
2451,Finance
2452,Finance
2453,Finance
2454,Finance
2455,Finance
2456,Finance
2457,Finance
2458,Finance
2459,Finance
2460,Finance
2461,Finance
2462,Finance
2463,Finance
2464,Finance
2465,Finance
2466,Finance
2467,Finance
2468,Finance
2469,Finance
2470,Finance
2471,Finance
2472,Finance
2473,Finance
2474,Finance
2475,Finance
2476,Finance
2477,Finance
2478,Finance
2479,Finance
2480,Finance
2481,Finance
2482,Finance
2483,Finance
2484,Finance
2485,Finance
2486,Finance
2487,Finance
2488,Finance
2489,Finance
2490,Finance
2491,Finance
2492,Finance
2493,Finance
2494,Finance
2495,Finance
2496,Finance
2497,Finance
2498,Finance
2499,Finance
2500,Finance
2501,Finance
2502,Finance
2503,Finance
2504,Finance
2505,Finance
2506,Finance
2507,Finance
2508,Finance
2509,Finance
2510,Finance
2511,Finance
2512,Finance
2513,Finance
2514,Finance
2515,Finance
2516,Finance
2517,Finance
2518,Finance
2519,Finance
2520,Finance
2521,Finance
2522,Finance
2523,Finance
2524,Finance
2525,Finance
2526,Finance
2527,Finance
2528,Finance
2529,Finance
2530,Finance
2531,Finance
2532,Finance
2533,Finance
2534,Finance
2535,Finance
2536,Finance
2537,Finance
2538,Finance
2539,Finance
2540,Finance
2541,Finance
2542,Finance
2543,Finance
2544,Finance
2545,Finance
2546,Finance
2547,Finance
2548,Finance
2549,Finance
2550,Finance
2551,Finance
2552,Finance
2553,Finance
2554,Finance
2555,Finance
2556,Finance
2557,Finance
2558,Finance
2559,Finance
2560,Finance
2561,Finance
2562,Finance
2563,Finance
2564,Finance
2565,Finance
2566,Finance
2567,Finance
2568,Finance
2569,Finance
2570,Finance
2571,Finance
2572,Finance
2573,Finance
2574,Finance
2575,Finance
2576,Finance
2577,Finance
2578,Finance
2579,Finance
2580,Finance
2581,Finance
2582,Finance
2583,Finance
2584,Finance
2585,Finance
2586,Finance
2587,Finance
2588,Finance
2589,Finance
2590,Finance
2591,Finance
2592,Finance
2593,Finance
2594,Finance
2595,Finance
2596,Finance
2597,Finance
2598,Finance
2599,Finance
2600,Finance
2601,Finance
2602,Finance
2603,Finance
2604,Finance
2605,Finance
2606,Finance
2607,Finance
2608,Finance
2609,Finance
2610,Finance
2611,Finance
2612,Finance
2613,Finance
2614,Finance
2615,Finance
2616,Finance
2617,Finance
2618,Finance
2619,Finance
2620,Finance
2621,Finance
2622,Finance
2623,Finance
2624,Finance
2625,Finance
2626,Finance
2627,Finance
2628,Finance
2629,Finance
2630,Finance
2631,Finance
2632,Finance
2633,Finance
2634,Finance
2635,Finance
2636,Finance
2637,Finance
2638,Finance
2639,Finance
2640,Finance
2641,Finance
2642,Finance
2643,Finance
2644,Finance
2645,Finance
2646,Finance
2647,Finance
2648,Finance
2649,Finance
2650,Finance
2651,Finance
2652,Finance
2653,Finance
2654,Finance
2655,Finance
2656,Finance
2657,Finance
2658,Finance
2659,Finance
2660,Finance
2661,Finance
2662,Finance
2663,Finance
2664,Finance
2665,Finance
2666,Finance
2667,Finance
2668,Finance
2669,Finance
2670,Finance
2671,Finance
2672,Finance
2673,Finance
2674,Finance
2675,Finance
2676,Finance
2677,Finance
2678,Finance
2679,Finance
2680,Finance
2681,Finance
2682,Finance
2683,Finance
2684,Finance
2685,Finance
2686,Finance
2687,Finance
2688,Finance
2689,Finance
2690,Finance
2691,Finance
2692,Finance
2693,Finance
2694,Finance
2695,Finance
2696,Finance
2697,Finance
2698,Finance
2699,Finance
2700,Finance
2701,Finance
2702,Finance
2703,Finance
2704,Finance
2705,Finance
2706,Finance
2707,Finance
2708,Finance
2709,Finance
2710,Finance
2711,Finance
2712,Finance
2713,Finance
2714,Finance
2715,Finance
2716,Finance
2717,Finance
2718,Finance
2719,Finance
2720,Finance
2721,Finance
2722,Finance
2723,Finance
2724,Finance
2725,Finance
2726,Finance
2727,Finance
2728,Finance
2729,Finance
2730,Finance
2731,Finance
2732,Finance
2733,Finance
2734,Finance
2735,Finance
2736,Finance
2737,Finance
2738,Finance
2739,Finance
2740,Finance
2741,Finance
2742,Finance
2743,Finance
2744,Finance
2745,Finance
2746,Finance
2747,Finance
2748,Finance
2749,Finance
2750,Finance
2751,Finance
2752,Finance
2753,Finance
2754,Finance
2755,Finance
2756,Finance
2757,Finance
2758,Finance
2759,Finance
2760,Finance
2761,Finance
2762,Finance
2763,Finance
2764,Finance
2765,Finance
2766,Finance
2767,Finance
2768,Finance
2769,Finance
2770,Finance
2771,Finance
2772,Finance
2773,Finance
2774,Finance
2775,Finance
2776,Finance
2777,Finance
2778,Finance
2779,Finance
2780,Finance
2781,Finance
2782,Finance
2783,Finance
2784,Finance
2785,Finance
2786,Finance
2787,Finance
2788,Finance
2789,Finance
2790,Finance
2791,Finance
2792,Finance
2793,Finance
2794,Finance
2795,Finance
2796,Finance
2797,Finance
2798,Finance
2799,Finance
2800,Finance
2801,Finance
2802,Finance
2803,Finance
2804,Finance
2805,Finance
2806,Finance
2807,Finance
2808,Finance
2809,Finance
2810,Finance
2811,Finance
2812,Finance
2813,Finance
2814,Finance
2815,Finance
2816,Finance
2817,Finance
2818,Finance
2819,Finance
2820,Finance
2821,Finance
2822,Finance
2823,Finance
2824,Finance
2825,Finance
2826,Finance
2827,Finance
2828,Finance
2829,Finance
2830,Finance
2831,Finance
2832,Finance
2833,Finance
2834,Finance
2835,Finance
2836,Finance
2837,Finance
2838,Finance
2839,Finance
2840,Finance
2841,Finance
2842,Finance
2843,Finance
2844,Finance
2845,Finance
2846,Finance
2847,Finance
2848,Finance
2849,Finance
2850,Finance
2851,Finance
2852,Finance
2853,Finance
2854,Finance
2855,Finance
2856,Finance
2857,Finance
2858,Finance
2859,Finance
2860,Finance
2861,Finance
2862,Finance
2863,Finance
2864,Finance
2865,Finance
2866,Finance
2867,Finance
2868,Finance
2869,Finance
2870,Finance
2871,Finance
2872,Finance
2873,Finance
2874,Finance
2875,Finance
2876,Finance
2877,Finance
2878,Finance
2879,Finance
2880,Finance
2881,Finance
2882,Finance
2883,Finance
2884,Finance
2885,Finance
2886,Finance
2887,Finance
2888,Finance
2889,Finance
2890,Finance
2891,Finance
2892,Finance
2893,Finance
2894,Finance
2895,Finance
2896,Finance
2897,Finance
2898,Finance
2899,Finance
2900,Finance
2901,Finance
2902,Finance
2903,Finance
2904,Finance
2905,Finance
2906,Finance
2907,Finance
2908,Finance
2909,Finance
2910,Finance
2911,Finance
2912,Finance
2913,Finance
2914,Finance
2915,Finance
2916,Finance
2917,Finance
2918,Finance
2919,Finance
2920,Finance
2921,Finance
2922,Finance
2923,Finance
2924,Finance
2925,Finance
2926,Finance
2927,Finance
2928,Finance
2929,Finance
2930,Finance
2931,Finance
2932,Finance
2933,Finance
2934,Finance
2935,Finance
2936,Finance
2937,Finance
2938,Finance
2939,Finance
2940,Finance
2941,Finance
2942,Finance
2943,Finance
2944,Finance
2945,Finance
2946,Finance
2947,Finance
2948,Finance
2949,Finance
2950,Finance
2951,Finance
2952,Finance
2953,Finance
2954,Finance
2955,Finance
2956,Finance
2957,Finance
2958,Finance
2959,Finance
2960,Finance
2961,Finance
2962,Finance
2963,Finance
2964,Finance
2965,Finance
2966,Finance
2967,Finance
2968,Finance
2969,Finance
2970,Finance
2971,Finance
2972,Finance
2973,Finance
2974,Finance
2975,Finance
2976,Finance
2977,Finance
2978,Finance
2979,Finance
2980,Finance
2981,Finance
2982,Finance
2983,Finance
2984,Finance
2985,Finance
2986,Finance
2987,Finance
2988,Finance
2989,Finance
2990,Finance
2991,Finance
2992,Finance
2993,Finance
2994,Finance
2995,Finance
2996,Finance
2997,Finance
2998,Finance
2999,Finance
3000,Finance
